addkey,2020-04-29;09:06:41,marine@gmail.com
inscription,2020-04-29;09:08:16,104_TESTLOG
connexion,2020-04-29;09:08:16,testlog@u-cergy.fr
inscription,2020-04-30;07:27:46,105_,
inscription,2020-04-30;07:53:41,105_PIGNON
connexion,2020-04-30;07:53:42,pignon@u-cergy.fr
inscription,2020-04-30;08:01:53,105_PIGNON
connexion,2020-04-30;08:01:53,pignon@u-cergy.fr
inscription,2020-04-30;08:19:08,105_PIGNON
connexion,2020-04-30;08:19:08,pignon@u-cergy.fr
appelAPI,2020-04-30;08:27:39,letest/Site%20Etu/API/API.php?key=letest
appelAPI,2020-04-30;08:28:32,letest/Site%20Etu/API/API.php?key=letest
appelAPI,2020-04-30;08:28:50,letest/Site%20Etu/API/API.php?key=letest
appelAPI,2020-04-30;08:29:28,/Site%20Etu/API/API.php?key=letest
connexion,2020-05-01;10:03:13,pignon@u-cergy.fr
appelAPI,2020-05-03;08:34:10,/Site%20Etu/API/API.php?key=5ea2d9931eb3c
appelAPI,2020-05-03;08:34:39,/Site%20Etu/API/API.php?key=5ea2d9931eb3c
appelAPI,2020-05-03;08:35:01,/Site%20Etu/API/API.php?key=5ea2d9931eb3c
appelAPI,2020-05-03;08:35:29,/Site%20Etu/API/API.php?key=5ea2d9931eb3c
appelAPI,2020-05-03;08:35:52,/Site%20Etu/API/API.php?key=5ea2d9931eb3c
appelAPI,2020-05-03;08:38:12,/Site%20Etu/API/API.php?key=5ea2d9931eb3c
appelAPI,2020-05-03;08:38:17,/Site%20Etu/API/API.php?key=5ea2d9931eb3c
appelAPI,2020-05-03;08:38:33,/Site%20Etu/API/API.php?key=5ea2d9931eb3c
appelAPI,2020-05-03;08:38:34,/Site%20Etu/API/API.php?key=5ea2d9931eb3c
appelAPI,2020-05-03;08:38:36,/Site%20Etu/API/API.php?key=5ea2d9931eb3c
appelAPI,2020-05-03;08:38:37,/Site%20Etu/API/API.php?key=5ea2d9931eb3c
appelAPI,2020-05-03;08:38:38,/Site%20Etu/API/API.php?key=5ea2d9931eb3c
appelAPI,2020-05-03;08:38:39,/Site%20Etu/API/API.php?key=5ea2d9931eb3c
appelAPI,2020-05-03;08:38:40,/Site%20Etu/API/API.php?key=5ea2d9931eb3c
appelAPI,2020-05-03;08:38:42,/Site%20Etu/API/API.php?key=5ea2d9931eb3c
appelAPI,2020-05-03;08:38:43,/Site%20Etu/API/API.php?key=5ea2d9931eb3c
appelAPI,2020-05-03;09:21:12,/Site%20Etu/API/API.php?key=5ea2d9931eb3c
appelAPI,2020-05-03;09:21:35,/Site%20Etu/API/API.php?key=5ea2d9931eb3c
appelAPI,2020-05-03;09:21:46,/Site%20Etu/API/API.php?key=5ea2d9931eb3c
appelAPI,2020-05-03;09:21:47,/Site%20Etu/API/API.php?key=5ea2d9931eb3c
appelAPI,2020-05-03;09:21:48,/Site%20Etu/API/API.php?key=5ea2d9931eb3c
appelAPI,2020-05-03;09:21:48,/Site%20Etu/API/API.php?key=5ea2d9931eb3c
appelAPI,2020-05-03;09:21:49,/Site%20Etu/API/API.php?key=5ea2d9931eb3c
appelAPI,2020-05-03;09:21:50,/Site%20Etu/API/API.php?key=5ea2d9931eb3c
appelAPI,2020-05-03;09:21:55,/Site%20Etu/API/API.php?key=5ea2d9931eb3c
appelAPI,2020-05-03;09:21:56,/Site%20Etu/API/API.php?key=5ea2d9931eb3c
appelAPI,2020-05-03;09:21:57,/Site%20Etu/API/API.php?key=5ea2d9931eb3c
appelAPI,2020-05-03;09:21:58,/Site%20Etu/API/API.php?key=5ea2d9931eb3c
appelAPI,2020-05-03;09:22:00,/Site%20Etu/API/API.php?key=5ea2d9931eb3c
appelAPI,2020-05-03;09:22:02,/Site%20Etu/API/API.php?key=5ea2d9931eb3c
appelAPI,2020-05-03;09:22:04,/Site%20Etu/API/API.php?key=5ea2d9931eb3c
appelAPI,2020-05-03;09:22:05,/Site%20Etu/API/API.php?key=5ea2d9931eb3c
appelAPI,2020-05-03;09:22:06,/Site%20Etu/API/API.php?key=5ea2d9931eb3c
appelAPI,2020-05-03;09:23:15,/Site%20Etu/API/API.php?key=5ea2d9931eb3c
appelAPI,2020-05-03;09:23:22,/Site%20Etu/API/API.php?key=5ea2d9931eb3c
appelAPI,2020-05-03;09:23:23,/Site%20Etu/API/API.php?key=5ea2d9931eb3c
appelAPI,2020-05-03;09:23:24,/Site%20Etu/API/API.php?key=5ea2d9931eb3c
appelAPI,2020-05-03;09:23:25,/Site%20Etu/API/API.php?key=5ea2d9931eb3c
appelAPI,2020-05-03;09:23:26,/Site%20Etu/API/API.php?key=5ea2d9931eb3c
appelAPI,2020-05-03;09:23:27,/Site%20Etu/API/API.php?key=5ea2d9931eb3c
appelAPI,2020-05-03;09:23:27,/Site%20Etu/API/API.php?key=5ea2d9931eb3c
appelAPI,2020-05-03;09:23:28,/Site%20Etu/API/API.php?key=5ea2d9931eb3c
appelAPI,2020-05-03;09:23:30,/Site%20Etu/API/API.php?key=5ea2d9931eb3c
appelAPI,2020-05-03;09:23:31,/Site%20Etu/API/API.php?key=5ea2d9931eb3c
appelAPI,2020-05-03;09:23:32,/Site%20Etu/API/API.php?key=5ea2d9931eb3c
appelAPI,2020-05-03;09:24:38,/Site%20Etu/API/API.php?key=5ea2d9931eb3c
appelAPI,2020-05-03;09:24:39,/Site%20Etu/API/API.php?key=5ea2d9931eb3c
appelAPI,2020-05-03;09:24:40,/Site%20Etu/API/API.php?key=5ea2d9931eb3c
appelAPI,2020-05-03;09:24:41,/Site%20Etu/API/API.php?key=5ea2d9931eb3c
appelAPI,2020-05-03;09:24:44,/Site%20Etu/API/API.php?key=5ea2d9931eb3c
appelAPI,2020-05-03;09:24:45,/Site%20Etu/API/API.php?key=5ea2d9931eb3c
appelAPI,2020-05-03;09:24:46,/Site%20Etu/API/API.php?key=5ea2d9931eb3c
appelAPI,2020-05-03;09:24:47,/Site%20Etu/API/API.php?key=5ea2d9931eb3c
appelAPI,2020-05-03;09:24:48,/Site%20Etu/API/API.php?key=5ea2d9931eb3c
appelAPI,2020-05-03;09:25:20,/Site%20Etu/API/API.php?key=5ea2d9931eb3c
appelAPI,2020-05-03;09:25:34,/Site%20Etu/API/API.php?key=5ea2d9931eb3c
appelAPI,2020-05-03;09:25:36,/Site%20Etu/API/API.php?key=5ea2d9931eb3c
appelAPI,2020-05-03;09:25:37,/Site%20Etu/API/API.php?key=5ea2d9931eb3c
appelAPI,2020-05-03;09:25:38,/Site%20Etu/API/API.php?key=5ea2d9931eb3c
inscription,2020-05-04;08:07:26,106_MACRON
connexion,2020-05-04;08:07:27,macron@u-cergy.fr
connexion,2020-05-06;08:13:58,macron@u-cergy.fr
